,image,country_code,country_name
0,https://flagsapi.com/AD/flat/64.png,AD,Andorra
1,https://flagsapi.com/AE/flat/64.png,AE,United Arab Emirates
2,https://flagsapi.com/AF/flat/64.png,AF,Afghanistan
3,https://flagsapi.com/AG/flat/64.png,AG,Antigua and Barbuda
4,https://flagsapi.com/AI/flat/64.png,AI,Anguilla
5,https://flagsapi.com/AH/flat/64.png,AH,
6,https://flagsapi.com/AK/flat/64.png,AK,
7,https://flagsapi.com/AL/flat/64.png,AL,Albania
8,https://flagsapi.com/AM/flat/64.png,AM,Armenia
9,https://flagsapi.com/AN/flat/64.png,AN,Netherlands Antilles
10,https://flagsapi.com/AO/flat/64.png,AO,Angola
11,https://flagsapi.com/AQ/flat/64.png,AQ,Antarctica
12,https://flagsapi.com/AR/flat/64.png,AR,Argentina
13,https://flagsapi.com/AS/flat/64.png,AS,American Samoa
14,https://flagsapi.com/AT/flat/64.png,AT,Austria
15,https://flagsapi.com/AU/flat/64.png,AU,Australia
16,https://flagsapi.com/AW/flat/64.png,AW,Aruba
17,https://flagsapi.com/AX/flat/64.png,AX,Åland Islands
18,https://flagsapi.com/AZ/flat/64.png,AZ,Azerbaijan
19,https://flagsapi.com/BA/flat/64.png,BA,Bosnia and Herzegovina
20,https://flagsapi.com/BB/flat/64.png,BB,Barbados
21,https://flagsapi.com/BD/flat/64.png,BD,Bangladesh
22,https://flagsapi.com/BE/flat/64.png,BE,Belgium
23,https://flagsapi.com/BF/flat/64.png,BF,Burkina Faso
24,https://flagsapi.com/BG/flat/64.png,BG,Bulgaria
25,https://flagsapi.com/BH/flat/64.png,BH,Bahrain
26,https://flagsapi.com/BI/flat/64.png,BI,Burundi
27,https://flagsapi.com/BJ/flat/64.png,BJ,Benin
28,https://flagsapi.com/BL/flat/64.png,BL,Saint Barthélemy
29,https://flagsapi.com/BM/flat/64.png,BM,Bermuda
30,https://flagsapi.com/BN/flat/64.png,BN,Brunei Darussalam
31,https://flagsapi.com/BO/flat/64.png,BO,Bolivia
32,https://flagsapi.com/BQ/flat/64.png,BQ,"Bonaire, Sint Eustatius and Saba"
33,https://flagsapi.com/BR/flat/64.png,BR,Brazil
34,https://flagsapi.com/BS/flat/64.png,BS,Bahamas
35,https://flagsapi.com/BT/flat/64.png,BT,Bhutan
36,https://flagsapi.com/BV/flat/64.png,BV,Bouvet Island
37,https://flagsapi.com/BW/flat/64.png,BW,Botswana
38,https://flagsapi.com/BY/flat/64.png,BY,Belarus
39,https://flagsapi.com/BZ/flat/64.png,BZ,Belize
40,https://flagsapi.com/CA/flat/64.png,CA,Canada
41,https://flagsapi.com/CC/flat/64.png,CC,Cocos (Keeling) Islands
42,https://flagsapi.com/CD/flat/64.png,CD,"Congo, The Democratic Republic Of The"
43,https://flagsapi.com/CF/flat/64.png,CF,Central African Republic
44,https://flagsapi.com/CG/flat/64.png,CG,Congo
45,https://flagsapi.com/CH/flat/64.png,CH,Switzerland
46,https://flagsapi.com/CI/flat/64.png,CI,Côte D'Ivoire
47,https://flagsapi.com/CK/flat/64.png,CK,Cook Islands
48,https://flagsapi.com/CL/flat/64.png,CL,Chile
49,https://flagsapi.com/CM/flat/64.png,CM,Cameroon
50,https://flagsapi.com/CN/flat/64.png,CN,China
51,https://flagsapi.com/CO/flat/64.png,CO,Colombia
52,https://flagsapi.com/CR/flat/64.png,CR,Costa Rica
53,https://flagsapi.com/CU/flat/64.png,CU,Cuba
54,https://flagsapi.com/CV/flat/64.png,CV,Cape Verde
55,https://flagsapi.com/CW/flat/64.png,CW,Curaçao
56,https://flagsapi.com/CX/flat/64.png,CX,Christmas Island
57,https://flagsapi.com/CY/flat/64.png,CY,Cyprus
58,https://flagsapi.com/CZ/flat/64.png,CZ,Czech Republic
59,https://flagsapi.com/DE/flat/64.png,DE,Germany
60,https://flagsapi.com/DJ/flat/64.png,DJ,Djibouti
61,https://flagsapi.com/DK/flat/64.png,DK,Denmark
62,https://flagsapi.com/DM/flat/64.png,DM,Dominica
63,https://flagsapi.com/DO/flat/64.png,DO,Dominican Republic
64,https://flagsapi.com/DZ/flat/64.png,DZ,Algeria
65,https://flagsapi.com/EC/flat/64.png,EC,Ecuador
66,https://flagsapi.com/EE/flat/64.png,EE,Estonia
67,https://flagsapi.com/EG/flat/64.png,EG,Egypt
68,https://flagsapi.com/EH/flat/64.png,EH,Western Sahara
69,https://flagsapi.com/ER/flat/64.png,ER,Eritrea
70,https://flagsapi.com/ES/flat/64.png,ES,Spain
71,https://flagsapi.com/ET/flat/64.png,ET,Ethiopia
72,https://flagsapi.com/EU/flat/64.png,EU,
73,https://flagsapi.com/FI/flat/64.png,FI,Finland
74,https://flagsapi.com/FJ/flat/64.png,FJ,Fiji
75,https://flagsapi.com/FK/flat/64.png,FK,Falkland Islands (Malvinas)
76,https://flagsapi.com/FM/flat/64.png,FM,"Micronesia, Federated States Of"
77,https://flagsapi.com/FO/flat/64.png,FO,Faroe Islands
78,https://flagsapi.com/FR/flat/64.png,FR,France
79,https://flagsapi.com/GA/flat/64.png,GA,Gabon
80,https://flagsapi.com/GB/flat/64.png,GB,United Kingdom
81,https://flagsapi.com/GD/flat/64.png,GD,Grenada
82,https://flagsapi.com/GE/flat/64.png,GE,Georgia
83,https://flagsapi.com/GF/flat/64.png,GF,French Guiana
84,https://flagsapi.com/GG/flat/64.png,GG,Guernsey
85,https://flagsapi.com/GH/flat/64.png,GH,Ghana
86,https://flagsapi.com/GI/flat/64.png,GI,Gibraltar
87,https://flagsapi.com/GL/flat/64.png,GL,Greenland
88,https://flagsapi.com/GM/flat/64.png,GM,Gambia
89,https://flagsapi.com/GN/flat/64.png,GN,Guinea
90,https://flagsapi.com/GP/flat/64.png,GP,Guadeloupe
91,https://flagsapi.com/GQ/flat/64.png,GQ,Equatorial Guinea
92,https://flagsapi.com/GR/flat/64.png,GR,Greece
93,https://flagsapi.com/GS/flat/64.png,GS,South Georgia and the South Sandwich Islands
94,https://flagsapi.com/GT/flat/64.png,GT,Guatemala
95,https://flagsapi.com/GU/flat/64.png,GU,Guam
96,https://flagsapi.com/GW/flat/64.png,GW,Guinea-Bissau
97,https://flagsapi.com/GY/flat/64.png,GY,Guyana
98,https://flagsapi.com/HK/flat/64.png,HK,Hong Kong
99,https://flagsapi.com/HM/flat/64.png,HM,Heard and McDonald Islands
100,https://flagsapi.com/HN/flat/64.png,HN,Honduras
101,https://flagsapi.com/HR/flat/64.png,HR,Croatia
102,https://flagsapi.com/HT/flat/64.png,HT,Haiti
103,https://flagsapi.com/HU/flat/64.png,HU,Hungary
104,https://flagsapi.com/IC/flat/64.png,IC,
105,https://flagsapi.com/ID/flat/64.png,ID,Indonesia
106,https://flagsapi.com/IE/flat/64.png,IE,Ireland
107,https://flagsapi.com/IL/flat/64.png,IL,Israel
108,https://flagsapi.com/IM/flat/64.png,IM,Isle of Man
109,https://flagsapi.com/IN/flat/64.png,IN,India
110,https://flagsapi.com/IO/flat/64.png,IO,British Indian Ocean Territory
111,https://flagsapi.com/IQ/flat/64.png,IQ,Iraq
112,https://flagsapi.com/IR/flat/64.png,IR,"Iran, Islamic Republic Of"
113,https://flagsapi.com/IS/flat/64.png,IS,Iceland
114,https://flagsapi.com/IT/flat/64.png,IT,Italy
115,https://flagsapi.com/JE/flat/64.png,JE,Jersey
116,https://flagsapi.com/JM/flat/64.png,JM,Jamaica
117,https://flagsapi.com/JO/flat/64.png,JO,Jordan
118,https://flagsapi.com/JP/flat/64.png,JP,Japan
119,https://flagsapi.com/KE/flat/64.png,KE,Kenya
120,https://flagsapi.com/KG/flat/64.png,KG,Kyrgyzstan
121,https://flagsapi.com/KH/flat/64.png,KH,Cambodia
122,https://flagsapi.com/KI/flat/64.png,KI,Kiribati
123,https://flagsapi.com/KM/flat/64.png,KM,Comoros
124,https://flagsapi.com/KN/flat/64.png,KN,Saint Kitts And Nevis
125,https://flagsapi.com/KP/flat/64.png,KP,"Korea, Democratic People's Republic Of"
126,https://flagsapi.com/KR/flat/64.png,KR,"Korea, Republic of"
127,https://flagsapi.com/KW/flat/64.png,KW,Kuwait
128,https://flagsapi.com/KY/flat/64.png,KY,Cayman Islands
129,https://flagsapi.com/KZ/flat/64.png,KZ,Kazakhstan
130,https://flagsapi.com/LA/flat/64.png,LA,Lao People's Democratic Republic
131,https://flagsapi.com/LB/flat/64.png,LB,Lebanon
132,https://flagsapi.com/LC/flat/64.png,LC,Saint Lucia
133,https://flagsapi.com/LI/flat/64.png,LI,Liechtenstein
134,https://flagsapi.com/LK/flat/64.png,LK,Sri Lanka
135,https://flagsapi.com/LR/flat/64.png,LR,Liberia
136,https://flagsapi.com/LS/flat/64.png,LS,Lesotho
137,https://flagsapi.com/LT/flat/64.png,LT,Lithuania
138,https://flagsapi.com/LU/flat/64.png,LU,Luxembourg
139,https://flagsapi.com/LV/flat/64.png,LV,Latvia
140,https://flagsapi.com/LY/flat/64.png,LY,Libya
141,https://flagsapi.com/MA/flat/64.png,MA,Morocco
142,https://flagsapi.com/MC/flat/64.png,MC,Monaco
143,https://flagsapi.com/MD/flat/64.png,MD,"Moldova, Republic of"
144,https://flagsapi.com/ME/flat/64.png,ME,Montenegro
145,https://flagsapi.com/MF/flat/64.png,MF,Saint Martin
146,https://flagsapi.com/MG/flat/64.png,MG,Madagascar
147,https://flagsapi.com/MH/flat/64.png,MH,Marshall Islands
148,https://flagsapi.com/MK/flat/64.png,MK,"Macedonia, the Former Yugoslav Republic Of"
149,https://flagsapi.com/ML/flat/64.png,ML,Mali
150,https://flagsapi.com/MM/flat/64.png,MM,Myanmar
151,https://flagsapi.com/MN/flat/64.png,MN,Mongolia
152,https://flagsapi.com/MO/flat/64.png,MO,Macao
153,https://flagsapi.com/MP/flat/64.png,MP,Northern Mariana Islands
154,https://flagsapi.com/MQ/flat/64.png,MQ,Martinique
155,https://flagsapi.com/MR/flat/64.png,MR,Mauritania
156,https://flagsapi.com/MS/flat/64.png,MS,Montserrat
157,https://flagsapi.com/MT/flat/64.png,MT,Malta
158,https://flagsapi.com/MU/flat/64.png,MU,Mauritius
159,https://flagsapi.com/MV/flat/64.png,MV,Maldives
160,https://flagsapi.com/MW/flat/64.png,MW,Malawi
161,https://flagsapi.com/MX/flat/64.png,MX,Mexico
162,https://flagsapi.com/MY/flat/64.png,MY,Malaysia
163,https://flagsapi.com/MZ/flat/64.png,MZ,Mozambique
164,https://flagsapi.com/NA/flat/64.png,NA,Namibia
165,https://flagsapi.com/NC/flat/64.png,NC,New Caledonia
166,https://flagsapi.com/NE/flat/64.png,NE,Niger
167,https://flagsapi.com/NF/flat/64.png,NF,Norfolk Island
168,https://flagsapi.com/NG/flat/64.png,NG,Nigeria
169,https://flagsapi.com/NI/flat/64.png,NI,Nicaragua
170,https://flagsapi.com/NL/flat/64.png,NL,Netherlands
171,https://flagsapi.com/NO/flat/64.png,NO,Norway
172,https://flagsapi.com/NP/flat/64.png,NP,Nepal
173,https://flagsapi.com/NR/flat/64.png,NR,Nauru
174,https://flagsapi.com/NU/flat/64.png,NU,Niue
175,https://flagsapi.com/NY/flat/64.png,NY,
176,https://flagsapi.com/NZ/flat/64.png,NZ,New Zealand
177,https://flagsapi.com/OM/flat/64.png,OM,Oman
178,https://flagsapi.com/PA/flat/64.png,PA,Panama
179,https://flagsapi.com/PE/flat/64.png,PE,Peru
180,https://flagsapi.com/PF/flat/64.png,PF,French Polynesia
181,https://flagsapi.com/PG/flat/64.png,PG,Papua New Guinea
182,https://flagsapi.com/PH/flat/64.png,PH,Philippines
183,https://flagsapi.com/PK/flat/64.png,PK,Pakistan
184,https://flagsapi.com/PL/flat/64.png,PL,Poland
185,https://flagsapi.com/PM/flat/64.png,PM,Saint Pierre And Miquelon
186,https://flagsapi.com/PN/flat/64.png,PN,Pitcairn
187,https://flagsapi.com/PR/flat/64.png,PR,Puerto Rico
188,https://flagsapi.com/PS/flat/64.png,PS,"Palestine, State of"
189,https://flagsapi.com/PT/flat/64.png,PT,Portugal
190,https://flagsapi.com/PW/flat/64.png,PW,Palau
191,https://flagsapi.com/PY/flat/64.png,PY,Paraguay
192,https://flagsapi.com/QA/flat/64.png,QA,Qatar
193,https://flagsapi.com/RE/flat/64.png,RE,Réunion
194,https://flagsapi.com/RO/flat/64.png,RO,Romania
195,https://flagsapi.com/RS/flat/64.png,RS,Serbia
196,https://flagsapi.com/RU/flat/64.png,RU,Russian Federation
197,https://flagsapi.com/RW/flat/64.png,RW,Rwanda
198,https://flagsapi.com/SA/flat/64.png,SA,Saudi Arabia
199,https://flagsapi.com/SB/flat/64.png,SB,Solomon Islands
200,https://flagsapi.com/SC/flat/64.png,SC,Seychelles
201,https://flagsapi.com/SD/flat/64.png,SD,Sudan
202,https://flagsapi.com/SE/flat/64.png,SE,Sweden
203,https://flagsapi.com/SG/flat/64.png,SG,Singapore
204,https://flagsapi.com/SH/flat/64.png,SH,Saint Helena
205,https://flagsapi.com/SI/flat/64.png,SI,Slovenia
206,https://flagsapi.com/SJ/flat/64.png,SJ,Svalbard And Jan Mayen
207,https://flagsapi.com/SK/flat/64.png,SK,Slovakia
208,https://flagsapi.com/SL/flat/64.png,SL,Sierra Leone
209,https://flagsapi.com/SM/flat/64.png,SM,San Marino
210,https://flagsapi.com/SN/flat/64.png,SN,Senegal
211,https://flagsapi.com/SO/flat/64.png,SO,Somalia
212,https://flagsapi.com/SR/flat/64.png,SR,Suriname
213,https://flagsapi.com/SS/flat/64.png,SS,South Sudan
214,https://flagsapi.com/ST/flat/64.png,ST,Sao Tome and Principe
215,https://flagsapi.com/SV/flat/64.png,SV,El Salvador
216,https://flagsapi.com/SX/flat/64.png,SX,Sint Maarten
217,https://flagsapi.com/SY/flat/64.png,SY,Syrian Arab Republic
218,https://flagsapi.com/SZ/flat/64.png,SZ,Swaziland
219,https://flagsapi.com/TC/flat/64.png,TC,Turks and Caicos Islands
220,https://flagsapi.com/TD/flat/64.png,TD,Chad
221,https://flagsapi.com/TF/flat/64.png,TF,French Southern Territories
222,https://flagsapi.com/TG/flat/64.png,TG,Togo
223,https://flagsapi.com/TH/flat/64.png,TH,Thailand
224,https://flagsapi.com/TJ/flat/64.png,TJ,Tajikistan
225,https://flagsapi.com/TK/flat/64.png,TK,Tokelau
226,https://flagsapi.com/TL/flat/64.png,TL,Timor-Leste
227,https://flagsapi.com/TM/flat/64.png,TM,Turkmenistan
228,https://flagsapi.com/TN/flat/64.png,TN,Tunisia
229,https://flagsapi.com/TO/flat/64.png,TO,Tonga
230,https://flagsapi.com/TR/flat/64.png,TR,Turkey
231,https://flagsapi.com/TT/flat/64.png,TT,Trinidad and Tobago
232,https://flagsapi.com/TV/flat/64.png,TV,Tuvalu
233,https://flagsapi.com/TW/flat/64.png,TW,"Taiwan, Republic Of China"
234,https://flagsapi.com/TZ/flat/64.png,TZ,"Tanzania, United Republic of"
235,https://flagsapi.com/UA/flat/64.png,UA,Ukraine
236,https://flagsapi.com/UG/flat/64.png,UG,Uganda
237,https://flagsapi.com/UM/flat/64.png,UM,United States Minor Outlying Islands
238,https://flagsapi.com/US/flat/64.png,US,United States
239,https://flagsapi.com/UY/flat/64.png,UY,Uruguay
240,https://flagsapi.com/UZ/flat/64.png,UZ,Uzbekistan
241,https://flagsapi.com/VA/flat/64.png,VA,Holy See (Vatican City State)
242,https://flagsapi.com/VC/flat/64.png,VC,Saint Vincent And The Grenadines
243,https://flagsapi.com/VE/flat/64.png,VE,"Venezuela, Bolivarian Republic of"
244,https://flagsapi.com/VG/flat/64.png,VG,"Virgin Islands, British"
245,https://flagsapi.com/VI/flat/64.png,VI,"Virgin Islands, U.S."
246,https://flagsapi.com/VN/flat/64.png,VN,Vietnam
247,https://flagsapi.com/VU/flat/64.png,VU,Vanuatu
248,https://flagsapi.com/WF/flat/64.png,WF,Wallis and Futuna
249,https://flagsapi.com/WS/flat/64.png,WS,Samoa
250,https://flagsapi.com/XK/flat/64.png,XK,
251,https://flagsapi.com/YE/flat/64.png,YE,Yemen
252,https://flagsapi.com/YT/flat/64.png,YT,Mayotte
253,https://flagsapi.com/ZA/flat/64.png,ZA,South Africa
254,https://flagsapi.com/ZM/flat/64.png,ZM,Zambia
255,https://flagsapi.com/ZW/flat/64.png,ZW,Zimbabwe
